Strain Amplitude (%),Material,Heat Treatment,Cycle,Relative Cycle,eIP (%),sigmayT (MPa),sigma dot _T (GPa),Wp (kJ/m3),We+ (kJ/m3),sigmaMT (MPa),sigmaMC (MPa)
0.4,0,300,3,0.001239157,0.183396,128.3847574,60.14300676,0.003029638,0.018860135,152.3780214,-112.868422
0.4,0,300,4,0.00165221,0.205741,97.21321463,59.01208016,0.003763982,0.019641444,156.7566136,-117.7709237
0.4,0,300,7,0.002891367,0.218091,109.1002204,57.53383785,0.005616658,0.023422106,168.4498446,-132.096262
0.4,0,300,12,0.004956629,0.250587,115.8794666,55.20474212,0.008660034,0.027978344,183.1605793,-149.9023693
0.4,0,300,20,0.008261049,0.28686,60.94467765,51.03526371,0.013054633,0.03328246,197.3061377,-166.6010897
0.4,0,300,32,0.013217679,0.317283,60.1860853,48.76090243,0.017430164,0.037519146,206.6363929,-178.4514935
0.4,0,300,52,0.021478728,0.331354,40.09415335,46.7525889,0.020740624,0.039052964,210.9252746,-182.8272149
0.4,0,300,85,0.035109459,0.33782,51.64887123,46.00153208,0.022264346,0.040322687,214.2890611,-179.9833907
0.4,0,300,137,0.056588187,0.338292,71.52765093,45.82957881,0.023554438,0.044034446,224.1317429,-169.4391724
0.4,0,300,221,0.091284593,0.334239,85.30647258,45.26016094,0.024917834,0.049401989,237.284385,-155.6101129
0.4,0,300,357,0.147459727,0.334539,84.90062209,45.93548572,0.025605446,0.053243654,247.6107861,-149.7864633
0.4,0,300,576,0.237918216,0.314741,79.79465685,46.13094637,0.02552268,0.055555999,253.924973,-150.073537
0.4,0,300,930,0.384138786,0.29407,73.18729597,46.36884549,0.025178366,0.058501729,259.7177621,-150.655579
0.4,0,300,1210,0.499793474,0.33381,65.47828963,47.25990793,0.024515844,0.058777503,261.893781,-151.4611797
0.4,0,300,1500,0.619578686,0.349016,75.57646714,47.61972276,0.024240462,0.05889413,262.3660173,-152.4914156
0.4,0,300,2421,1,0.330567,64.05332737,45.71432707,0.025061009,0.04999969,236.2171884,-166.6742935
1.2,0,300,3,0.020979021,0.750189,-113.776321,8.974743725,0.375974301,0.070785126,285.5071642,-242.1318684
1.2,0,300,5,0.034965035,0.361271,-97.84613058,9.495832942,0.385893313,0.07597166,294.762826,-249.3189676
1.2,0,300,6,0.041958042,0.469728,-98.00635368,9.552299346,0.393670155,0.077472111,297.9371789,-251.5638832
1.2,0,300,9,0.062937063,0.635352,-101.5323371,9.524041509,0.412276353,0.079990924,303.7890855,-256.4160981
1.2,0,300,11,0.076923077,0.644431,-102.0664141,9.489530314,0.420561403,0.081986958,306.3666343,-258.4954139
1.2,0,300,15,0.104895105,0.718837,-92.20534562,9.347602032,0.436662905,0.082576747,309.6614234,-261.7722809
1.2,0,300,20,0.13986014,0.780072,-92.86236785,9.367064957,0.445655552,0.083591542,310.5270582,-264.0752639
1.2,0,300,27,0.188811189,0.84043,-94.536287,9.30074829,0.452327003,0.084597497,312.1583229,-266.1585226
1.2,0,300,35,0.244755245,0.892601,-94.36280159,9.321989179,0.454038709,0.084035605,312.3755381,-268.1944671
1.2,0,300,47,0.328671329,0.893369,-80.13520564,9.450771775,0.453295562,0.084142172,313.3565909,-270.1386508
1.2,0,300,62,0.433566434,0.848823,-93.26346325,9.490913386,0.454083871,0.084898949,313.6591151,-272.8248071
1.2,0,300,71,0.496503497,0.850854,-92.01680569,9.513204097,0.450710515,0.086083919,314.4165008,-272.9456017
1.2,0,300,82,0.573426573,0.844283,-91.201711,9.582658948,0.449210824,0.086807483,315.3108109,-274.9560969
1.2,0,300,108,0.755244755,0.793061,-88.70767899,9.902701043,0.446102753,0.086950148,317.3456801,-277.0866698
1.2,0,300,143,1,0.744195,-86.1140004,10.23034513,0.435035362,0.087418686,312.0722971,-278.2677327
0.8,0,300,3,0.005405405,0.399041,-53.6553448,33.8124667,0.052213743,0.041082568,218.4070213,-211.1471912
0.8,0,300,4,0.007207207,0.400319,-45.75822061,34.52766606,0.056105119,0.044462861,226.3264436,-215.7352053
0.8,0,300,6,0.010810811,0.438948,-42.45270697,31.34289861,0.074372625,0.049016114,237.1154876,-222.5728101
0.8,0,300,9,0.016216216,0.486069,-51.43668376,28.71015443,0.099126876,0.053668802,247.1647382,-227.8466706
0.8,0,300,13,0.023423423,0.499435,-47.6636293,25.55750881,0.120607858,0.058044189,256.1591448,-233.4391782
0.8,0,300,19,0.034234234,0.580382,-55.14140534,21.68676028,0.143161695,0.062944835,265.6311622,-238.7396525
0.8,0,300,28,0.05045045,0.584335,-62.64435665,20.08240606,0.162012649,0.067038469,273.5466284,-243.3884469
0.8,0,300,40,0.072072072,0.606504,-53.27627709,19.10707472,0.17421161,0.06945667,278.861129,-247.2122116
0.8,0,300,59,0.106306306,0.65434,-54.29803362,18.61244142,0.177237612,0.06985153,281.1229477,-248.8842095
0.8,0,300,86,0.154954955,0.61707,-54.04232475,19.04802258,0.176969721,0.071295264,282.2238265,-251.1550193
0.8,0,300,124,0.223423423,0.655608,-51.48523608,18.87430264,0.177521772,0.07363478,286.6392101,-252.8054384
0.8,0,300,181,0.326126126,0.199046,-51.20830805,19.57472511,0.176393306,0.074847207,290.7970866,-255.3308782
0.8,0,300,263,0.473873874,0.615706,-47.39029774,20.13301312,0.174195952,0.077683361,293.9540662,-255.8714273
0.8,0,300,277,0.499099099,0.236244,-30.97612618,20.196977,0.173115161,0.077153193,294.2144504,-257.3887771
0.8,0,300,382,0.688288288,0.655394,-44.20706401,20.10773506,0.171039425,0.078980407,296.8783542,-258.4860595
0.8,0,300,555,1,0.659127,-46.96267771,20.59307062,0.167111403,0.077173855,288.570873,-261.4020756
0.6,0,300,3,0.002421308,0.292797,-5.536870211,47.66778515,0.017086763,0.027878466,180.6707223,-191.7241067
0.6,0,300,4,0.00322841,0.303741,-6.225845564,46.64701383,0.019330756,0.029496175,186.4491673,-195.7395631
0.6,0,300,7,0.005649718,0.341134,-16.83697232,42.02238597,0.028089124,0.034705205,201.345018,-203.414066
0.6,0,300,10,0.008071025,0.369315,-18.79521312,38.94690608,0.037888976,0.039254002,212.5908134,-207.2108571
0.6,0,300,16,0.01291364,0.41296,-35.91235029,33.67509021,0.054910986,0.04487646,226.5425913,-212.4696125
0.6,0,300,25,0.020177563,0.443602,-40.01645962,29.96204005,0.06652098,0.049147249,234.8748881,-217.6553595
0.6,0,300,39,0.031476998,0.473266,-42.28439228,27.89507827,0.074489167,0.052419252,242.1652882,-221.6118339
0.6,0,300,60,0.04842615,-0.0136256,-43.06410651,26.48266297,0.078580989,0.053816955,246.3285594,-224.1203702
0.6,0,300,93,0.075060533,0.042305,-29.40267148,27.12410019,0.080065055,0.054976872,249.9814919,-226.0444805
0.6,0,300,144,0.11622276,0.154433,-28.20436435,26.99027254,0.08051539,0.056515653,254.5313834,-228.4091582
0.6,0,300,221,0.178369653,0.486012,-25.82555259,28.06087468,0.0801917,0.058323741,258.1753247,-230.7148537
0.6,0,300,340,0.274414851,-0.0233006,-22.80405202,29.40364809,0.079173282,0.060013299,262.5489893,-232.5940082
0.6,0,300,524,0.422921711,0.487123,-20.01171839,30.36025727,0.078567794,0.062085611,267.6721578,-234.2836288
0.6,0,300,619,0.499596449,0.174246,-19.41193544,30.24132554,0.077910491,0.06272023,269.2082092,-236.5727806
0.6,0,300,805,0.649717514,0.511346,-18.3197241,30.56310961,0.077038477,0.063809782,271.1668456,-238.8550991
0.6,0,300,1238,0.999192897,0.420065,-12.42939303,32.31214899,0.074884464,0.067720852,280.0411301,-241.6477565
0.4,0,300,3,0.000621633,0.0554705,91.55460765,61.38453804,0.002330028,0.016252033,143.4774258,-115.8435842
0.4,0,300,5,0.001036055,0.18784,84.95128968,59.46832582,0.003472618,0.018972651,153.6041936,-127.5574527
0.4,0,300,8,0.001657688,0.211115,58.31550685,57.52659493,0.00564892,0.02236364,165.1283157,-141.7535062
0.4,0,300,14,0.002900953,0.0649738,85.35238544,55.14499214,0.008954029,0.027402507,181.0263257,-163.1177962
0.4,0,300,24,0.004973063,0.298672,44.52630992,50.10860321,0.014488674,0.0329195,196.5250403,-178.4055214
0.4,0,300,41,0.008495649,0.0897551,32.38369389,47.58432557,0.019646739,0.035918768,204.2797984,-187.0099976
0.4,0,300,71,0.014711977,0.278988,29.95692052,45.45713131,0.022691121,0.037478166,208.2036239,-190.2130029
0.4,0,300,120,0.024865313,0.339088,39.87338308,45.61481367,0.023449996,0.037101559,205.8139717,-189.9915721
0.4,0,300,203,0.042063821,0.338159,8.85208259,43.3830771,0.024182138,0.036805262,206.2759159,-191.7875017
0.4,0,300,345,0.071487775,0.279927,10.17364631,44.78464507,0.024449238,0.035984197,206.4451394,-194.1598715
0.4,0,300,585,0.1212184,0.335155,-0.68459557,44.58784854,0.024883222,0.035864884,208.8751172,-200.6656159
0.4,0,300,991,0.205346042,0.331631,6.909468534,45.5498107,0.025449509,0.036482474,209.7140338,-203.4131579
0.4,0,300,1680,0.34811438,0.329309,8.870985218,46.81514278,0.024780409,0.036941889,213.3339771,-207.5389715
0.4,0,300,2413,0.5,0.322771,9.258111035,46.86578452,0.016839405,0.037049528,213.1726746,-209.6683075
0.4,0,300,2848,0.590136759,0.285921,-21.00503206,45.50052836,0.025080039,0.03761442,212.9796878,-212.1083667
0.4,0,300,4825,0.999792789,0.338964,-39.80785397,48.58523471,0.022742894,0.042919757,239.1625277,-212.7190116
1,0,300,3,0.012931034,0.596962,-90.65959305,15.24830263,0.23789164,0.064872828,271.9372929,-239.6141477
1,0,300,4,0.017241379,0.606012,-89.91999353,15.41143662,0.238728105,0.068284656,276.5326092,-242.2975206
1,0,300,5,0.021551724,0.619812,-91.76791939,15.36269047,0.244728819,0.068598942,280.151926,-244.8453479
1,0,300,7,0.030172414,0.291348,-94.43376792,15.09429315,0.255141926,0.073575255,285.6649465,-248.697846
1,0,300,10,0.043103448,0.0985336,-84.93020032,14.77071918,0.269030019,0.074825126,290.4701975,-252.2098707
1,0,300,14,0.060344828,0.443893,-89.04413319,14.16704897,0.283859672,0.076249424,294.8713153,-255.6296244
1,0,300,19,0.081896552,0.544872,-79.42254438,13.79767864,0.295438721,0.079419805,297.4960352,-257.9657288
1,0,300,26,0.112068966,0.556903,-80.39425225,13.48001975,0.3008946,0.07996874,298.5718163,-259.6766786
1,0,300,35,0.150862069,0.609779,-82.78829438,13.43073917,0.3068787,0.079950214,300.0710432,-261.7645809
1,0,300,49,0.211206897,0.61398,-83.14736494,13.07446928,0.306421352,0.078348085,299.51384,-263.9046986
1,0,300,66,0.284482759,0.743628,-83.07476402,13.10458925,0.306334893,0.079973449,300.2495055,-266.1964557
1,0,300,91,0.392241379,0.6107,-80.92391708,13.41695326,0.301748984,0.080710954,301.6253466,-267.6903179
1,0,300,116,0.5,0.560198,-79.77017046,13.53114535,0.298901402,0.082493593,301.6135445,-269.3390383
1,0,300,124,0.534482759,0.609369,-80.21650517,13.54439118,0.300578432,0.082302137,303.6023805,-270.02678
1,0,300,170,0.732758621,0.653629,-78.23589488,13.68584941,0.295551325,0.081461682,304.2350456,-271.7720632
1,0,300,232,1,0.51549,-75.32220183,14.21207548,0.287300282,0.081838805,300.5760308,-273.209776
0.6,0,300,3,0.004451039,0.287714,58.62678079,54.04434115,0.011057787,0.033161199,197.6178884,-182.0942109
0.6,0,300,4,0.005934718,0.301871,58.22631627,52.72308414,0.012757638,0.035024968,203.4366992,-188.2756386
0.6,0,300,6,0.008902077,0.327911,49.27299645,50.54400259,0.01719774,0.039868458,214.3433198,-198.0028534
0.6,0,300,9,0.013353116,0.362158,48.52325189,47.13754033,0.027050148,0.045180502,227.8535006,-207.7466491
0.6,0,300,14,0.020771513,0.381889,32.51371832,42.26200411,0.044782162,0.050676734,239.9402481,-216.2382271
0.6,0,300,20,0.029673591,0.42047,16.25493073,38.18558413,0.059665874,0.055685403,249.6916133,-221.593494
0.6,0,300,30,0.044510386,0.45033,2.322499595,35.25050304,0.07179379,0.060736572,260.3091498,-225.575791
0.6,0,300,44,0.065281899,0.464921,5.061388577,33.78758973,0.076623063,0.065435508,268.827041,-225.6179642
0.6,0,300,66,0.097922849,0.471664,9.745057284,33.36482547,0.07950922,0.069689755,277.3384441,-223.7050342
0.6,0,300,97,0.143916914,0.473547,15.8411294,33.98002979,0.080178526,0.073174468,284.4217279,-220.9850474
0.6,0,300,143,0.212166172,0.471854,21.41858014,34.67077156,0.080032021,0.07655979,291.1434763,-218.9538885
0.6,0,300,211,0.31305638,0.472784,25.96733087,35.48913636,0.08005222,0.079763539,297.375728,-218.9787598
0.6,0,300,310,0.459940653,0.470471,30.38714716,36.44945598,0.079116538,0.08396185,304.1010809,-217.1919887
0.6,0,300,337,0.5,0.470543,32.45013421,36.55979926,0.07799014,0.084089812,304.2989702,-217.1454902
0.6,0,300,457,0.678041543,0.47348,48.54920458,37.2193744,0.076755385,0.086736766,308.1475388,-216.1297305
0.6,0,300,674,1,0.473099,23.27055735,35.43140462,0.078527559,0.079033906,293.5401357,-221.6273766
0.4,0,300,3,0.001505268,0.181994,147.8625905,62.75666753,0.002423039,0.017152393,148.4082089,-122.1770263
0.4,0,300,4,0.002007025,0.190411,81.38447169,61.00676734,0.002886058,0.018668408,153.0484915,-127.6963607
0.4,0,300,7,0.003512293,0.215554,55.6527175,58.87739962,0.004554752,0.022027161,165.8741328,-143.1093592
0.4,0,300,12,0.006021074,0.236001,65.30171935,56.42392948,0.007795768,0.027023873,181.6194822,-160.6694672
0.4,0,300,19,0.009533367,0.0545406,76.10474746,53.52749461,0.011652813,0.031840475,195.5262564,-176.8691378
0.4,0,300,30,0.015052684,0.314465,46.82142155,50.92238279,0.015958467,0.036615122,206.4263555,-189.1758643
0.4,0,300,48,0.024084295,0.312924,65.99998101,48.87494734,0.01940615,0.037972384,210.7591864,-195.2581383
0.4,0,300,77,0.038635223,0.337496,55.73066298,47.7613045,0.021591551,0.038622052,212.1993736,-194.8359336
0.4,0,300,123,0.061716006,0.339589,55.57513287,46.99424454,0.019590679,0.03851526,212.4613571,-193.404407
0.4,0,300,195,0.097842449,0.337648,47.94441395,46.53518233,0.023386325,0.039564559,215.2334739,-190.9996443
0.4,0,300,311,0.156046162,0.335879,53.84914551,46.65277975,0.024380854,0.041099505,220.3991668,-187.0471586
0.4,0,300,495,0.248369293,0.335498,62.2629279,47.19087199,0.025234602,0.044743707,230.3321645,-180.9728234
0.4,0,300,787,0.394882087,0.232925,70.60850799,47.37708459,0.025952069,0.053494242,247.1304997,-166.903302
0.4,0,300,996,0.499749122,0.350695,72.22154656,47.29281173,0.025888939,0.055547623,257.3774445,-157.7032084
0.4,0,300,1252,0.628198695,0.32639,82.23790261,48.16386293,0.025478874,0.060325485,266.559856,-149.7036918
0.4,0,300,1993,1,0.320673,94.70665466,49.17722847,0.02356776,0.068887837,285.2862594,-137.3385062
0.6,0,300,3,0.004273504,0.284553,39.13657381,53.79946381,0.011215809,0.031818814,195.7449368,-186.6152106
0.6,0,300,4,0.005698006,0.299525,86.46861048,53.83844181,0.013061565,0.034289959,201.7929293,-192.4326144
0.6,0,300,6,0.008547009,0.324268,68.05146295,51.43082089,0.017366568,0.038811136,212.1871044,-203.76827
0.6,0,300,9,0.012820513,0.36108,24.09165122,47.6308343,0.02567442,0.04330018,223.9507385,-214.0466095
0.6,0,300,14,0.01994302,0.384178,6.234123425,42.49681221,0.042847471,0.049162845,236.0777573,-223.9438822
0.6,0,300,21,0.02991453,0.426431,-12.65859983,37.67664423,0.060502826,0.053687607,246.4903363,-230.3621157
0.6,0,300,31,0.044159544,0.451317,-15.59627867,34.82191088,0.070081385,0.057493028,254.0470791,-233.8043473
0.6,0,300,45,0.064102564,0.467091,-15.5803648,33.26933936,0.07578525,0.0614324,261.4280838,-235.1207599
0.6,0,300,67,0.095441595,0.473032,1.545626548,33.21550323,0.078084936,0.064937436,269.1677821,-233.2500682
0.6,0,300,100,0.142450142,0.475321,6.487085402,33.62309111,0.079721266,0.068484535,276.9969733,-230.6486376
0.6,0,300,147,0.209401709,0.475283,12.31383539,34.39649571,0.079838764,0.071835274,283.7811176,-228.5957122
0.6,0,300,218,0.310541311,0.501761,5.36647467,34.34950124,0.079939596,0.074952363,290.1957426,-227.1493904
0.6,0,300,322,0.458689459,0.501318,22.9753347,35.48684014,0.078813473,0.078220825,295.2369392,-226.9018413
0.6,0,300,351,0.5,0.500894,24.71409646,35.77108268,0.078689894,0.079316375,296.9322536,-226.0924351
0.6,0,300,475,0.676638177,0.470943,41.06175519,36.94915878,0.077580955,0.081234238,300.1864777,-224.9741339
0.6,0,300,701,0.998575499,0.504808,31.79612966,35.70401961,0.069584785,0.077142981,281.6159652,-224.0373446
1.2,0,300,3,0.017857143,0.751329,-112.4550773,9.602127458,0.388388407,0.073641751,289.2006146,-252.7230793
1.2,0,300,5,0.029761905,0.77446,-109.951576,10.31915621,0.395142956,0.078724999,298.0004522,-259.6182276
1.2,0,300,7,0.041666667,0.520663,-113.4261236,10.08146498,0.410222161,0.080498985,303.6882662,-263.5923246
1.2,0,300,9,0.053571429,0.529261,-99.96202677,10.20491781,0.418152376,0.081669707,305.9108833,-266.064177
1.2,0,300,12,0.071428571,0.596681,-103.9314484,10.06620946,0.429138254,0.083245216,309.2462476,-268.8036066
1.2,0,300,16,0.095238095,0.666976,-92.50762777,9.974500272,0.44647775,0.082424022,310.7186416,-271.3840723
1.2,0,300,22,0.130952381,0.775151,-94.06561766,9.937810113,0.451336201,0.084505234,311.4095231,-273.4455677
1.2,0,300,29,0.172619048,0.840011,-94.92805066,10.04027549,0.457529781,0.086251673,311.622434,-275.2873189
1.2,0,300,39,0.232142857,0.795088,-94.44000997,10.08964714,0.458449507,0.084074817,310.560397,-278.2324664
1.2,0,300,53,0.31547619,0.79668,-93.73006721,10.29118527,0.460139184,0.081593362,310.5805372,-279.8990696
1.2,0,300,70,0.416666667,0.842152,-92.46339122,10.49635368,0.457404311,0.08354138,310.8215006,-282.0357312
1.2,0,300,84,0.5,0.842476,-91.22260979,10.619709,0.453489384,0.083602226,311.1200074,-283.3959154
1.2,0,300,94,0.55952381,0.845456,-90.4209571,10.56802846,0.449356076,0.086103108,311.0311746,-284.6748194
1.2,0,300,126,0.75,0.794759,-87.53227409,11.00695559,0.445775516,0.085416657,310.3816525,-287.4451786
1.2,0,300,168,1,0.689526,-85.97859996,11.36101154,0.433245778,0.085723288,306.8599912,-290.200073
1,0,300,3,0.015706806,0.589891,-103.65444,15.97740528,0.248616858,0.066626983,274.82688,-247.70916
1,0,300,4,0.020942408,0.604649,-103.01652,16.38295238,0.248545965,0.068672377,278.8632,-250.9776
1,0,300,5,0.02617801,0.615168,-104.0022,16.30488756,0.255979374,0.070402648,283.96836,-253.37124
1,0,300,7,0.036649215,0.63786,-92.26548,15.97295965,0.264219492,0.073042059,288.86652,-256.95972
1,0,300,9,0.047120419,0.650587,-96.63408,15.41318268,0.276705554,0.073958458,292.80096,-259.14888
1,0,300,13,0.068062827,0.348783,-87.96096,14.96542998,0.291197914,0.077086561,297.4194,-262.70676
1,0,300,17,0.089005236,0.273228,-90.45144,14.50877941,0.301298409,0.078404451,299.98476,-264.67164
1,0,300,23,0.120418848,0.453968,-93.0528,13.81431755,0.30950895,0.078502366,301.53492,-266.82372
1,0,300,32,0.167539267,0.466886,-82.83744,14.09050924,0.319115601,0.079316512,302.9004,-268.95492
1,0,300,43,0.22513089,0.604849,-82.34928,13.57192817,0.316920996,0.080483442,302.47812,-270.68544
1,0,300,58,0.303664921,0.514636,-81.504,13.71305614,0.31720812,0.079712186,302.93928,-272.88972
1,0,300,78,0.408376963,0.555472,-80.21268,13.74589253,0.316787166,0.081253999,304.87968,-273.8322
1,0,300,95,0.497382199,0.59938,-78.1668,13.89831652,0.313977604,0.081376925,305.05428,-275.05044
1,0,300,105,0.54973822,0.509477,-76.90572,14.15525514,0.313225599,0.08184737,305.53992,-275.81328
1,0,300,141,0.738219895,0.551567,-75.44052,14.30940062,0.309937081,0.083598588,307.94652,-278.22744
1,0,300,191,1,0.511184,-66.62952,15.5665409,0.276814322,0.081095149,286.42176,-275.95764
0.8,0,300,3,0.006849315,0.381575,-9.227053187,38.97575718,0.054626616,0.046580951,231.7115894,-199.9382651
0.8,0,300,4,0.00913242,0.396457,-13.13968918,35.76949855,0.059799256,0.048565975,235.6495238,-204.6469926
0.8,0,300,6,0.01369863,0.437622,-35.8501665,31.56392791,0.07858715,0.051720522,242.949092,-210.6436047
0.8,0,300,8,0.01826484,0.436225,-41.06231366,28.96795771,0.095031416,0.055067908,248.4766973,-214.3730517
0.8,0,300,12,0.02739726,0.489478,-40.07836834,25.53313434,0.115271206,0.058685113,257.0318544,-220.5896341
0.8,0,300,17,0.038812785,0.533366,-49.66734977,22.48587308,0.136816952,0.063432653,265.2848663,-226.0641308
0.8,0,300,25,0.057077626,0.574274,-46.28023819,19.40310431,0.157116486,0.067042017,273.0297576,-231.9484253
0.8,0,300,36,0.082191781,0.600767,-51.1002067,18.61407866,0.169534798,0.068939266,277.04269,-236.1938874
0.8,0,300,51,0.116438356,0.61595,-53.80480041,17.65923419,0.17572039,0.069902682,279.4591334,-238.8166651
0.8,0,300,73,0.166666667,0.290079,-54.63121401,17.35492356,0.176644979,0.070757254,281.4273829,-240.8405352
0.8,0,300,105,0.239726027,0.286679,-53.44093441,17.54590137,0.176206733,0.071662595,283.8553093,-242.9178727
0.8,0,300,150,0.342465753,0.287342,-51.33560719,17.93082169,0.175018499,0.073188174,286.3532099,-245.1947265
0.8,0,300,214,0.488584475,0.248642,-48.48388818,18.3433119,0.173836831,0.074088977,290.36686,-247.8573357
0.8,0,300,219,0.5,0.32301,-48.56857494,18.52559654,0.171493082,0.074383184,290.1935392,-247.0671651
0.8,0,300,306,0.698630137,0.244107,-45.87582302,18.93696435,0.170009896,0.077029247,293.7378236,-249.9540507
0.8,0,300,438,1,0.052681,-58.67823641,18.68786522,0.165719277,0.078964807,296.3121576,-251.0320127
0.4,0,400,3,0.000366211,0.166445,-143.8122903,64.65583339,0.001582831,0.012652979,125.8465584,-147.4859596
0.4,0,400,5,0.000610352,0.198402,-154.7917645,61.94072428,0.003535835,0.015132241,137.9313512,-154.7955062
0.4,0,400,9,0.001098633,0.227289,-51.46467145,57.26425161,0.006465649,0.019671827,157.5617964,-161.2175052
0.4,0,400,16,0.001953125,0.274491,-43.06814077,50.25800859,0.011053882,0.026685418,180.2788272,-167.787304
0.4,0,400,28,0.003417969,0.315614,-65.36085491,43.86360647,0.016159659,0.033283325,198.4746779,-174.0461618
0.4,0,400,50,0.006103516,0.321412,-46.10308998,36.58285133,0.019651829,0.037079858,211.0028705,-179.7572245
0.4,0,400,89,0.010864258,0.343075,-47.37154983,33.55367792,0.020874791,0.037985942,213.5278165,-181.3231551
0.4,0,400,156,0.019042969,0.254617,-38.07662029,33.56181364,0.021444827,0.039006918,216.8347924,-183.570836
0.4,0,400,275,0.033569336,0.343437,-37.34675074,35.31653116,0.02060103,0.040315869,219.8188535,-188.1369173
0.4,0,400,485,0.059204102,0.342822,-25.5184936,37.1297606,0.019823567,0.040482916,222.9544563,-192.4642736
0.4,0,400,854,0.104248047,0.342379,-22.32208703,39.21548036,0.018808574,0.041697892,227.5493492,-192.9832571
0.4,0,400,1503,0.18347168,0.307198,-30.77369657,39.68459696,0.017988654,0.042964752,230.9479985,-197.195367
0.4,0,400,2645,0.322875977,0.348635,-17.33812494,40.06226708,0.017342685,0.04396387,233.7116694,-199.9496835
0.4,0,400,4096,0.5,0.346041,-32.74927601,40.4771676,0.016747965,0.044691101,235.8373686,-203.5189574
0.4,0,400,4655,0.568237305,0.327964,-34.95433818,40.32281879,0.016733696,0.044973826,236.4596249,-203.2151257
0.4,0,400,8191,0.99987793,0.347915,-39.6055073,46.74418079,0.013037664,0.049833562,252.3247274,-202.4413278
0.6,0,400,3,0.001732102,0.283742,-59.89183472,59.7249244,0.013947199,0.038695178,211.8144855,-160.955067
0.6,0,400,4,0.002309469,0.300074,-164.4821267,57.59732689,0.016701663,0.040011674,217.5308412,-165.1987345
0.6,0,400,7,0.00404157,0.339065,-34.54526922,48.47350216,0.02604957,0.045070181,229.97477,-173.9196758
0.6,0,400,11,0.006351039,0.382581,-37.11719871,40.57465848,0.037324798,0.049072436,239.7503484,-182.8752998
0.6,0,400,18,0.01039261,0.442143,-54.91397614,27.82570572,0.050617127,0.052565053,249.1333535,-194.4432948
0.6,0,400,29,0.016743649,0.172219,-41.56038246,24.84880564,0.060962123,0.056349599,256.9248935,-204.3842995
0.6,0,400,45,0.025981524,0.0113821,-49.54569727,22.30606226,0.066569165,0.057704237,260.8936879,-209.5042596
0.6,0,400,72,0.041570439,0.46977,-39.33879059,21.80229288,0.068861829,0.059370245,264.2000597,-214.6296023
0.6,0,400,113,0.065242494,0.499325,-38.51991275,21.4443067,0.068837678,0.05925048,266.2382832,-215.5145071
0.6,0,400,178,0.102771363,0.523019,-23.0488632,22.31226464,0.067766089,0.061704796,270.8982076,-217.8401632
0.6,0,400,281,0.162240185,0.518246,-31.25034453,22.96162,0.066334344,0.0635153,275.571768,-218.3741203
0.6,0,400,443,0.255773672,0.495768,-15.30167605,23.70114431,0.062903341,0.06653035,281.0954256,-224.2824567
0.6,0,400,698,0.403002309,0.519409,-24.2468219,24.88355369,0.060181886,0.06915788,286.9607008,-230.0214195
0.6,0,400,866,0.5,0.461769,-22.200345,25.05197438,0.059071669,0.070004491,289.5199632,-231.6943417
0.6,0,400,1099,0.634526559,0.541358,-20.63256356,25.64979832,0.058185669,0.071623595,290.3535535,-234.0738241
0.6,0,400,1731,0.999422633,0.194607,7.245202836,26.8306051,0.063177569,0.050930153,224.3136759,-236.4403882
0.8,0,400,3,0.003222342,0.382276,-77.72719945,26.76536317,0.055547308,0.046357894,230.6173119,-186.2527192
0.8,0,400,4,0.004296455,0.0272703,-69.07407688,25.78746944,0.056880382,0.047840036,234.309612,-191.1855833
0.8,0,400,6,0.006444683,0.444069,-79.75669201,23.68617303,0.070121433,0.051255907,242.798927,-198.4895342
0.8,0,400,10,0.010741139,0.50602,-67.64318068,20.96611718,0.091522437,0.055511439,252.478266,-208.7778643
0.8,0,400,15,0.016111708,0.242844,-52.56034466,19.14625916,0.112204239,0.059900866,261.7518498,-217.1829457
0.8,0,400,23,0.024704619,0.333867,-65.3753249,17.55241485,0.127914685,0.063637117,269.8196383,-225.5779908
0.8,0,400,35,0.037593985,0.455694,-43.80004825,16.39927505,0.143670265,0.065071745,274.9267047,-232.2754597
0.8,0,400,52,0.055853921,0.569835,-47.26294611,15.86769163,0.148461067,0.065886242,277.3934952,-235.64122
0.8,0,400,79,0.084854995,0.674152,-32.32975918,15.72278638,0.148993134,0.0670471,279.188209,-237.9757458
0.8,0,400,119,0.127819549,0.674024,-29.94139555,16.1103151,0.146723722,0.068157028,282.8220832,-239.8987814
0.8,0,400,180,0.193340494,0.46731,-26.30343515,16.62911904,0.143423032,0.07119938,287.9262821,-242.3928134
0.8,0,400,272,0.292158969,0.673747,-22.10010586,17.18158884,0.139011046,0.07384199,293.9488066,-246.187986
0.8,0,400,410,0.440386681,0.240512,-18.2749676,17.8871806,0.133199072,0.076166998,298.2540407,-249.9394289
0.8,0,400,465,0.499462943,0.635462,-16.66771845,18.13313388,0.131873118,0.077259432,299.9405052,-251.488969
0.8,0,400,617,0.662728249,0.673142,-15.7772078,18.63678371,0.129244121,0.079567763,300.5573821,-257.1587877
0.8,0,400,931,1,0.669522,-10.32664744,19.84507424,0.127733791,0.072036418,283.0633139,-264.6455435
1,0,400,3,0.006756757,0.410738,-70.19859684,14.05239767,0.198260032,0.060797846,262.2671478,-228.2495755
1,0,400,4,0.009009009,0.421548,-69.28298782,14.15731838,0.206223609,0.062142067,267.325325,-231.8934351
1,0,400,6,0.013513514,0.514641,-68.81678815,13.90948143,0.218654643,0.065896062,274.1636347,-237.1070121
1,0,400,8,0.018018018,0.600314,-70.24110854,13.56108095,0.228301178,0.067956976,278.7252467,-240.3271837
1,0,400,12,0.027027027,0.665221,-72.19271684,13.02975727,0.242748805,0.071427272,284.6740261,-245.2163858
1,0,400,17,0.038288288,0.726566,-60.00615012,12.59551542,0.250392348,0.073001042,288.7269267,-248.8666757
1,0,400,25,0.056306306,0.749431,-61.9081019,12.28384427,0.257950105,0.073851045,292.2218167,-251.9053688
1,0,400,36,0.081081081,0.680471,-61.43975878,12.14527526,0.25829577,0.075516073,293.5886213,-255.0430176
1,0,400,52,0.117117117,0.685058,-48.94810813,12.16762679,0.258269516,0.075813333,294.7746618,-256.8713778
1,0,400,74,0.166666667,0.765309,-46.92862401,12.34684086,0.254154708,0.07641664,296.6798288,-258.2013865
1,0,400,106,0.238738739,0.728264,-44.51260224,12.62956117,0.249097827,0.076423799,299.3134104,-259.4917415
1,0,400,152,0.342342342,0.73235,-40.83158962,12.88751871,0.242959876,0.080045959,301.875901,-261.15327
1,0,400,217,0.488738739,0.765467,-39.04216879,13.38782129,0.23648898,0.082782728,306.8690603,-263.738624
1,0,400,222,0.5,0.805249,-37.73216556,13.47493768,0.235858209,0.082080309,306.9019265,-265.1372231
1,0,400,310,0.698198198,0.645089,-34.83083171,13.8573841,0.229138868,0.084865248,309.5355081,-267.5968282
1,0,400,443,0.997747748,0.639868,-35.23476426,14.81401848,0.221207365,0.080893006,300.3079697,-273.5874048
1.2,0,400,3,0.009966777,0.545268,-86.71887536,11.1749686,0.31144325,0.070751704,285.3602647,-246.1284091
1.2,0,400,4,0.013289037,0.601554,-83.89299327,11.12439253,0.31945708,0.072911881,290.6564163,-249.6884823
1.2,0,400,5,0.016611296,0.61235,-70.64884646,11.00370685,0.331814241,0.074641149,295.5377464,-252.7174691
1.2,0,400,8,0.026578073,0.734453,-71.34428258,10.34233225,0.355508823,0.079844443,304.0218518,-258.406194
1.2,0,400,11,0.03654485,0.808864,-73.337292,10.20322534,0.365665148,0.082936065,308.8594031,-261.7782339
1.2,0,400,15,0.049833887,0.876703,-75.42037079,9.94228542,0.379610337,0.083195327,312.3674442,-264.8947781
1.2,0,400,21,0.069767442,0.901079,-76.7972482,9.67939391,0.401079671,0.072605092,315.2988258,-267.5760468
1.2,0,400,30,0.099667774,0.911322,-63.10777825,9.621828863,0.390462981,0.086130154,315.6910403,-270.5935506
1.2,0,400,41,0.136212625,0.918226,-62.55874973,9.584856356,0.388670974,0.085753027,316.9667243,-271.34066
1.2,0,400,58,0.19269103,0.925164,-60.13907698,9.677167379,0.384364173,0.087611564,318.7638058,-272.8216016
1.2,0,400,80,0.265780731,0.921035,-58.0025307,9.83319893,0.378336908,0.088160564,321.5423208,-274.3143851
1.2,0,400,112,0.372093023,0.919304,-54.69113515,10.18528856,0.369525299,0.090291341,323.9009903,-275.5427018
1.2,0,400,150,0.49833887,0.923829,-50.95738237,10.32377934,0.359793139,0.092704341,327.4754172,-278.1701442
1.2,0,400,155,0.514950166,0.916753,-51.51681731,10.53523359,0.359105085,0.093435297,328.0675068,-278.2358123
1.2,0,400,216,0.717607973,0.917797,-46.83500352,11.13717155,0.347693833,0.09332009,328.1679826,-280.9213871
1.2,0,400,301,1,0.918393,-45.16064595,11.83729497,0.330069989,0.094082986,321.0481951,-285.639444
0.4,0,400,3,0.000368822,0.189238,138.4020947,65.30870573,0.001267807,0.014888875,138.985193,-137.1654178
0.4,0,400,5,0.000614704,0.185499,-60.1626611,62.77834233,0.001873211,0.017942867,151.4507801,-149.1837813
0.4,0,400,9,0.001106467,0.228338,-162.8137484,64.16983718,0.005328619,0.022078284,168.4078586,-163.1036627
0.4,0,400,16,0.001967052,0.276113,29.38074072,57.62097731,0.011004798,0.02920074,190.7308943,-169.4944922
0.4,0,400,28,0.003442341,0.315757,-39.11517555,49.44734346,0.015942319,0.036094771,208.005498,-176.9272693
0.4,0,400,50,0.006147037,0.335374,-53.92260152,42.28326774,0.019233298,0.039246389,217.6758466,-183.676677
0.4,0,400,88,0.010818785,0.326881,-23.2538131,38.54153244,0.020733057,0.03943806,220.2287633,-186.6139663
0.4,0,400,156,0.019178756,0.339141,-34.12152935,35.97925515,0.021145634,0.040163695,222.4343643,-188.7454539
0.4,0,400,274,0.033685763,0.319443,-22.56630211,36.76888058,0.020776432,0.040927049,224.2581358,-190.8914734
0.4,0,400,483,0.059380379,0.335927,-22.71830729,39.18073263,0.019924235,0.041950382,228.364528,-194.539743
0.4,0,400,849,0.10437669,0.3194,-9.557180219,40.37522913,0.019010159,0.042654678,231.4071747,-198.0307032
0.4,0,400,1494,0.183673469,0.319219,-27.06022765,40.99697318,0.019858594,0.045145267,235.6265536,-201.083159
0.4,0,400,2629,0.323211212,0.331073,-27.36536424,40.82241803,0.017266608,0.04511424,237.5000973,-203.9968338
0.4,0,400,4067,0.5,0.345659,-34.7178881,42.04086927,0.016909433,0.045232753,238.8101611,-206.8792647
0.4,0,400,4624,0.568477994,0.341406,-32.91191836,42.34656971,0.016664268,0.045760728,238.379286,-206.6340364
0.4,0,400,8134,1,0.298095,-1.966439829,48.4570852,0.012465892,0.052956405,261.7231977,-206.2187833
0.4,1,300,3,0.00067659,0.129428,33.30845792,59.90063685,0.003453143,0.014780071,135.6682092,-154.1116946
0.4,1,300,5,0.00112765,0.190358,41.65099781,57.85963703,0.005280306,0.016709851,144.5759509,-165.8324459
0.4,1,300,8,0.00180424,0.183616,61.55371825,56.63497109,0.007171404,0.01918734,154.1475804,-174.8471127
0.4,1,300,14,0.00315742,0.27266,22.32332949,52.43594119,0.011012091,0.024261489,170.2793593,-189.6870018
0.4,1,300,24,0.00541272,0.307221,32.97841814,49.42137786,0.01672608,0.028614418,184.0888124,-198.945912
0.4,1,300,40,0.0090212,0.326486,5.438204508,46.62281133,0.020788802,0.031633252,191.9906523,-201.0690348
0.4,1,300,68,0.01533604,0.256987,5.155328965,44.43423646,0.023012922,0.032411765,194.5883469,-202.8999445
0.4,1,300,115,0.025935949,0.333037,4.682148671,43.95368525,0.023619919,0.031928197,193.5154339,-201.2612803
0.4,1,300,194,0.043752819,0.331893,14.33192145,44.87474388,0.024566769,0.032140771,195.4726763,-203.6703913
0.4,1,300,327,0.073748309,0.312624,15.89160016,44.68051006,0.025295248,0.03290127,198.9444472,-205.614085
0.4,1,300,551,0.124267028,0.332961,15.10324707,46.03924341,0.025670904,0.033618959,201.6106179,-209.2561305
0.4,1,300,928,0.209291836,0.176878,-5.318829198,47.08842892,0.026003292,0.034719512,204.5023566,-213.7810406
0.4,1,300,1563,0.352503383,0.139294,-5.816031027,47.15162795,0.025936888,0.035097016,207.4017852,-218.5582501
0.4,1,300,2217,0.5,0.330491,-14.86010227,47.57387028,0.025659802,0.035674955,209.2839603,-221.4199619
0.4,1,300,2632,0.593594948,0.271654,-4.984871275,46.79210222,0.025691067,0.035366051,209.1092915,-223.1267359
0.4,1,300,4434,1,0.327292,-27.44134451,47.27674338,0.025163423,0.035310401,209.7347302,-225.1821151
1.2,1,300,3,0.018987342,0.747809,-116.0020649,9.003229016,0.379196661,0.072056456,288.8473836,-245.883776
1.2,1,300,5,0.03164557,0.458469,-112.3138984,9.596204956,0.391216879,0.077178968,298.1157403,-253.6339
1.2,1,300,7,0.044303797,0.470591,-100.7440421,9.676984016,0.405903348,0.078760818,303.9918633,-258.2159927
1.2,1,300,9,0.056962025,0.584064,-103.4160885,9.640252297,0.418570331,0.080151482,307.4659201,-261.2571441
1.2,1,300,12,0.075949367,0.654926,-104.6845265,9.661225997,0.428929762,0.082690566,310.1307574,-264.8998934
1.2,1,300,16,0.101265823,0.769835,-106.6976628,9.451352533,0.442181348,0.083551401,311.7805559,-267.657007
1.2,1,300,21,0.132911392,0.784082,-94.94649809,9.553842836,0.449940626,0.084930505,312.2149031,-270.7774582
1.2,1,300,28,0.17721519,0.846229,-96.8868226,9.564166717,0.458057933,0.084923564,312.4308151,-273.2271044
1.2,1,300,38,0.240506329,0.848417,-96.56241389,9.776091979,0.45490162,0.086755321,310.5759182,-275.2806115
1.2,1,300,50,0.316455696,0.90055,-96.35659459,9.766080098,0.45931624,0.082521529,310.3866798,-277.5637279
1.2,1,300,67,0.424050633,0.90085,-81.90851222,10.11689547,0.456067147,0.083945807,311.4557867,-279.9171328
1.2,1,300,79,0.5,0.850306,-80.55572791,10.2727039,0.453687754,0.085230381,310.6779267,-281.5626059
1.2,1,300,89,0.563291139,0.796084,-92.52785096,10.17476305,0.450545758,0.084110894,310.4403875,-282.7946381
1.2,1,300,119,0.753164557,0.897517,-90.76414897,10.47146854,0.448356253,0.084864561,312.3580034,-285.8019068
1.2,1,300,158,1,0.849614,-89.26898529,10.80962475,0.441760522,0.08441978,309.6535161,-289.8429579
1,1,300,3,0.011811024,0.602675,-98.34757233,13.20702526,0.237703424,0.063060459,267.02839,-231.7366103
1,1,300,4,0.015748031,0.241728,-95.02587459,13.64145859,0.238882583,0.065414017,271.5077908,-235.4787351
1,1,300,5,0.019685039,0.620904,-97.16001863,13.76733646,0.244439806,0.066487436,275.2567489,-238.320664
1,1,300,7,0.027559055,0.372648,-85.50638373,13.77267077,0.256417012,0.069919623,282.2306598,-242.4742248
1,1,300,10,0.039370079,0.432792,-100.5194793,13.55837998,0.267714038,0.071936708,287.7710186,-246.7216534
1,1,300,14,0.05511811,0.492702,-91.30532856,13.22142147,0.27978895,0.076665797,292.2594105,-250.1757011
1,1,300,20,0.078740157,0.631876,-82.04945879,13.07358939,0.293528622,0.076869471,295.8289049,-254.4026298
1,1,300,27,0.106299213,0.607104,-95.19994363,12.81618518,0.30054491,0.077012982,297.339781,-256.4234851
1,1,300,37,0.145669291,0.61132,-84.52670588,12.5558789,0.303173605,0.078329532,297.8116376,-258.5943132
1,1,300,52,0.204724409,0.700364,-83.77935985,12.60072852,0.302612782,0.07809964,298.3489499,-261.4898295
1,1,300,71,0.279527559,0.69808,-84.05916505,12.83279523,0.296111149,0.079630884,299.9080188,-262.5644541
1,1,300,98,0.385826772,0.697641,-68.17608391,12.93818669,0.297076312,0.078096206,300.7017592,-264.5730814
1,1,300,127,0.5,0.70333,-80.35516277,13.22339288,0.297699751,0.080849618,302.6510448,-267.119021
1,1,300,134,0.527559055,0.661588,-79.97393717,13.22069855,0.293382103,0.087343763,302.7348425,-267.1467138
1,1,300,184,0.724409449,0.700412,-77.15646423,13.30795683,0.2963914,0.081234584,304.9603368,-270.6924715
1,1,300,254,1,0.608602,-76.50262637,13.68008521,0.293305742,0.082653174,305.892901,-272.8650977
0.8,1,300,3,0.005660377,0.414405,-60.60408041,27.80953188,0.084747599,0.046129346,230.2163833,-209.7431302
0.8,1,300,4,0.00754717,0.412173,-53.08386606,27.38269208,0.088062339,0.048761608,236.0548892,-213.8143318
0.8,1,300,6,0.011320755,0.472894,-71.31400214,24.00864593,0.100816114,0.052500794,243.3539208,-219.1540077
0.8,1,300,9,0.016981132,0.475307,-66.51703327,23.29281791,0.119290578,0.05580079,251.8430236,-224.6781824
0.8,1,300,13,0.024528302,0.515509,-60.1404957,21.67273628,0.134814524,0.060116057,259.875375,-230.299102
0.8,1,300,19,0.035849057,0.583997,-67.13490645,19.42258818,0.153439243,0.064203545,268.3220395,-235.5129015
0.8,1,300,27,0.050943396,0.166593,-58.23400807,18.64841596,0.167746665,0.067939484,274.9395404,-239.9581359
0.8,1,300,39,0.073584906,0.629983,-61.91930872,17.84038755,0.176221049,0.069558245,279.5013003,-244.0386883
0.8,1,300,57,0.10754717,0.63427,-63.59058735,17.69789208,0.179032016,0.071898438,283.8084302,-245.8574221
0.8,1,300,83,0.156603774,0.422936,-60.59652783,17.80210761,0.179819029,0.07289585,286.6589907,-248.1641966
0.8,1,300,120,0.226415094,0.635786,-58.10381594,18.22880613,0.178552582,0.074938618,291.8627201,-249.2870139
0.8,1,300,174,0.328301887,0.630684,-53.83840502,18.15825358,0.176571513,0.078763276,295.9831933,-250.756171
0.8,1,300,253,0.477358491,0.163951,-66.15630754,18.48586054,0.176284206,0.080876545,301.0991689,-252.2681261
0.8,1,300,265,0.5,0.197272,-49.84704495,18.64469083,0.175388246,0.079772217,301.2358347,-252.6820796
0.8,1,300,366,0.690566038,0.0132942,-47.33275425,19.03850622,0.172705302,0.081394564,302.6204748,-254.7227155
0.8,1,300,530,1,0.63036,-51.30828986,18.88295641,0.172510429,0.078725508,298.5744485,-258.5382083
0.6,1,300,3,0.003015075,0.298853,-30.05084281,44.43514268,0.024233609,0.031069891,188.6655771,-195.3805906
0.6,1,300,4,0.004020101,0.334311,-20.69266963,43.14383825,0.026149667,0.033147619,195.8147896,-198.760525
0.6,1,300,6,0.006030151,0.359273,-32.56058495,40.66346771,0.031953402,0.036946755,205.8261273,-204.114809
0.6,1,300,10,0.010050251,0.377827,-26.9899191,37.3654022,0.045983986,0.042578485,219.5044732,-208.8443488
0.6,1,300,15,0.015075377,0.41039,-44.29870706,32.9070368,0.059004047,0.046450231,228.5824624,-213.0320369
0.6,1,300,23,0.023115578,0.437813,-37.72543619,29.66048375,0.068534313,0.050483914,236.8810464,-217.4640966
0.6,1,300,36,0.036180905,-0.0165105,-41.62066795,27.35109011,0.075451531,0.053547578,243.9667439,-221.5857577
0.6,1,300,54,0.054271357,0.495071,-53.85754479,26.31649329,0.078512621,0.055372203,248.9453202,-223.6577124
0.6,1,300,82,0.08241206,0.496378,-38.93437546,26.91428063,0.07964599,0.058078769,254.9074828,-225.0765744
0.6,1,300,125,0.125628141,0.493503,-33.23542353,27.98714593,0.079397946,0.061781906,262.5091954,-224.8698813
0.6,1,300,189,0.189949749,0.494447,-27.31205172,29.62969269,0.079613647,0.065319315,271.7651703,-226.048319
0.6,1,300,286,0.287437186,0.491514,-8.887838754,31.29094951,0.078802962,0.068819648,279.568911,-226.7193538
0.6,1,300,434,0.436180905,0.489111,-2.189769752,33.07848093,0.07814045,0.074081244,288.2844696,-226.8352599
0.6,1,300,497,0.499497487,0.491605,-12.9497527,32.55890888,0.077887005,0.076296401,290.832249,-226.9511659
0.6,1,300,657,0.660301508,0.489254,2.688126169,33.31387758,0.076666712,0.077084714,294.2215133,-227.0096571
0.6,1,300,995,1,0.489163,7.130552763,32.58735276,0.074892603,0.071556927,277.6989844,-227.2518756
0.4,1,300,3,0.000754907,0.199356,-5.22353416,59.54793015,0.003968477,0.01995069,157.7472896,-137.4163432
0.4,1,300,5,0.001258178,0.216107,164.8582781,59.04837204,0.005405365,0.021894653,165.0563056,-147.140215
0.4,1,300,8,0.002013085,0.170941,81.31298389,55.93646121,0.007409499,0.025310332,175.0873001,-158.4367854
0.4,1,300,14,0.003522899,0.2702,67.63936303,53.23589551,0.011062285,0.02984461,188.6212216,-174.0449552
0.4,1,300,23,0.00578762,0.263181,77.80465617,51.28005327,0.015102017,0.033656412,198.8441227,-186.7666037
0.4,1,300,39,0.00981379,0.31817,77.39095866,49.03791074,0.019253522,0.036034757,204.9368897,-195.0283123
0.4,1,300,65,0.016356316,0.294752,37.15284488,46.97110423,0.021449724,0.036580375,205.7282797,-196.1909139
0.4,1,300,109,0.027428284,0.230651,44.43593735,46.57116115,0.022599093,0.035765601,204.3784521,-197.0892388
0.4,1,300,182,0.045797685,0.330024,33.84387688,46.31443579,0.023613705,0.035225071,204.0997733,-198.4869531
0.4,1,300,304,0.076497232,0.329723,32.41289395,46.4126016,0.024580889,0.035790524,205.3642691,-200.7491476
0.4,1,300,509,0.128082536,0.289917,32.02058341,46.83619798,0.025219959,0.035124163,205.6386273,-204.4627038
0.4,1,300,851,0.214141922,0.32795,11.03506606,47.20300765,0.025613583,0.035071755,207.2293284,-208.7717828
0.4,1,300,1423,0.358077504,0.32671,11.0698469,48.11693657,0.025830646,0.03508063,208.0930885,-214.2647064
0.4,1,300,1987,0.5,0.325766,10.07362441,48.60630532,0.025259363,0.035494317,209.2344472,-217.3067693
0.4,1,300,2378,0.598389532,0.170174,10.46892336,48.57421861,0.025469654,0.03584686,209.556692,-218.577386
0.4,1,300,3974,1,0.303664,72.54684525,49.21881226,0.025732718,0.02859875,180.970518,-224.4768061
1.2,1,300,3,0.019607843,0.770679,-122.5402066,8.733138835,0.401761084,0.076463735,292.4837351,-249.4810383
1.2,1,300,5,0.032679739,0.337434,-117.5446658,9.521431441,0.404652598,0.08040484,301.7275269,-256.8653545
1.2,1,300,6,0.039215686,0.389891,-117.4447841,9.632840326,0.408625315,0.082252682,304.3973562,-259.1312828
1.2,1,300,9,0.058823529,0.596476,-105.2927594,9.701339747,0.42360668,0.084867345,309.5747982,-263.4630116
1.2,1,300,12,0.078431373,0.563836,-107.7620963,9.627101868,0.437677775,0.084975052,313.0250896,-266.6187615
1.2,1,300,16,0.104575163,0.625854,-94.98161918,9.562906339,0.445708967,0.087360544,315.2848209,-268.8198031
1.2,1,300,21,0.137254902,0.687451,-96.66210976,9.500253204,0.453227533,0.088451726,316.3215487,-270.5524217
1.2,1,300,28,0.183006536,0.693884,-97.47793144,9.513097995,0.459941915,0.089337352,317.9269458,-272.6707147
1.2,1,300,37,0.241830065,0.698113,-96.39600171,9.548929684,0.459875543,0.090106172,318.6924621,-273.8033144
1.2,1,300,49,0.320261438,0.752459,-95.20325438,9.614186142,0.462521435,0.090277008,320.1334554,-274.8958155
1.2,1,300,65,0.424836601,0.752168,-93.09881358,9.740971252,0.457283354,0.091534937,322.1999849,-276.1443362
1.2,1,300,76,0.496732026,0.650392,-92.82031145,9.810648704,0.457260629,0.092972777,323.8994312,-276.9783844
1.2,1,300,87,0.568627451,0.644074,-91.03556484,9.825850357,0.454975616,0.094148866,324.3911843,-277.4081672
1.2,1,300,115,0.751633987,0.596757,-89.06308446,9.914206742,0.450356216,0.094266943,324.8089374,-279.224628
1.2,1,300,153,1,0.695686,-101.7334731,10.1227513,0.445050514,0.09320185,321.2984983,-280.8843403
1.2,1,300,3,0.01863354,0.761395,-119.7643247,8.735796542,0.387449664,0.073312723,289.221424,-246.0197765
1.2,1,300,5,0.031055901,0.333896,-115.8385425,9.444336111,0.394526751,0.078035483,298.5734391,-254.0546572
1.2,1,300,7,0.043478261,0.579448,-103.9020571,9.615083324,0.406924811,0.081178903,304.4283722,-258.2532486
1.2,1,300,9,0.055900621,0.645752,-105.698051,9.588864206,0.417795745,0.082485098,306.9291232,-261.3811722
1.2,1,300,12,0.074534161,0.660787,-107.815931,9.549977279,0.430351874,0.083771943,310.1696347,-264.595341
1.2,1,300,16,0.099378882,0.681353,-96.49651401,9.494727701,0.441921733,0.083870886,311.6202869,-267.2960078
1.2,1,300,21,0.130434783,0.840249,-98.53861362,9.483634386,0.450449151,0.084040947,312.7854997,-269.7465995
1.2,1,300,29,0.180124224,0.851951,-98.49494972,9.611732851,0.454379807,0.082864609,311.4550136,-272.3870029
1.2,1,300,38,0.236024845,0.85546,-85.52965604,9.649714166,0.454379721,0.082926052,311.4763042,-274.7668663
1.2,1,300,51,0.316770186,0.90878,-97.69456503,9.677003977,0.453813339,0.087161498,310.6524637,-276.9598049
1.2,1,300,68,0.422360248,0.863195,-82.55076714,10.12700692,0.450532773,0.084767999,310.8263976,-279.3854973
1.2,1,300,80,0.49689441,0.862389,-82.53777622,10.19103514,0.449440764,0.084010281,310.7044274,-280.7874335
1.2,1,300,91,0.565217391,0.807958,-94.91739616,10.24544259,0.447190992,0.085959675,311.3330433,-282.2265382
1.2,1,300,121,0.751552795,0.85712,-91.92118604,10.48700908,0.443064921,0.083683502,311.6336386,-285.2952809
1.2,1,300,160,0.99378882,0.856204,-75.60351467,11.27240575,0.425433622,0.084848872,302.8452849,-287.6008074
1.2,1,300,3,0.01863354,0.795307,-122.9213148,8.285225951,0.411155982,0.073856302,288.9105486,-247.8070985
1.2,1,300,5,0.031055901,0.149021,-118.9327175,9.002706522,0.41554213,0.078055212,297.5643578,-255.1834134
1.2,1,300,7,0.043478261,0.550365,-105.9359279,9.232655631,0.42190929,0.081281794,302.2827987,-259.1637941
1.2,1,300,9,0.055900621,0.558729,-105.5904758,9.256805567,0.429023308,0.081935519,304.0904388,-261.8538198
1.2,1,300,12,0.074534161,0.668182,-106.8179563,9.340196191,0.437630958,0.083347628,306.2510332,-264.6656648
1.2,1,300,16,0.099378882,0.777211,-106.9465631,9.372300894,0.444012251,0.08388447,308.0015147,-267.0259569
1.2,1,300,21,0.130434783,0.736904,-94.39418144,9.442035262,0.450041643,0.084184441,308.7949473,-268.9789942
1.2,1,300,29,0.180124224,0.79505,-93.53930342,9.552222898,0.451804031,0.084817828,308.9724961,-271.0342024
1.2,1,300,38,0.236024845,0.799298,-92.60654682,9.573614044,0.454330702,0.084614743,309.4979978,-272.8993584
1.2,1,300,51,0.316770186,0.905051,-90.66851368,9.736651869,0.453477158,0.086242969,310.9966244,-274.5198041
1.2,1,300,68,0.422360248,0.80009,-89.52819999,9.90456322,0.451591946,0.086968956,313.0521898,-276.377458
1.2,1,300,80,0.49689441,0.804429,-100.8184487,9.780634353,0.449531571,0.086832446,313.2468862,-277.7485495
1.2,1,300,91,0.565217391,0.809808,-90.71281158,10.04215614,0.448020515,0.086484453,314.2067932,-278.383367
1.2,1,300,121,0.751552795,0.750127,-97.07313269,10.25040156,0.442709856,0.088948689,315.0541691,-280.0548982
1.2,1,300,160,0.99378882,0.691447,-92.98879483,10.48507749,0.428422296,0.098209925,313.7416652,-282.2112057
1,1,300,3,0.015873016,0.6212,-111.805757,12.23907451,0.262484781,0.060745119,270.9359611,-236.1081659
1,1,300,4,0.021164021,0.626464,-109.8580783,13.03535546,0.26086712,0.066256779,275.6972709,-240.0760432
1,1,300,5,0.026455026,0.642781,-109.8805845,13.20660838,0.264120901,0.06751973,280.1363492,-242.6746152
1,1,300,7,0.037037037,0.656986,-95.1894002,13.33554277,0.268981397,0.071505988,284.5786427,-246.8161116
1,1,300,9,0.047619048,0.273685,-99.78637909,13.25154297,0.280794519,0.073475552,288.9180507,-249.4575525
1,1,300,13,0.068783069,0.454073,-100.4708531,13.07371458,0.289703863,0.075517929,293.2360243,-253.1925086
1,1,300,17,0.08994709,0.469871,-89.27884568,12.90192709,0.297695311,0.077130996,295.9871382,-255.6078159
1,1,300,23,0.121693122,0.518565,-89.48711726,12.91227971,0.304322982,0.07760711,298.1931022,-257.6498062
1,1,300,32,0.169312169,0.52845,-89.64644681,12.83732199,0.309916276,0.078304365,299.7542459,-259.8236185
1,1,300,43,0.227513228,0.57436,-89.9225942,12.76018808,0.312056331,0.079591471,301.2914545,-261.7241413
1,1,300,57,0.301587302,0.619636,-87.90775422,12.60153958,0.310755667,0.080293056,302.8000838,-262.7697861
1,1,300,77,0.407407407,0.575275,-87.332596,12.64567931,0.309820339,0.081644254,304.809208,-264.7406854
1,1,300,94,0.497354497,0.573902,-85.5095945,12.69707815,0.308924386,0.08195071,306.447873,-265.3094133
1,1,300,104,0.55026455,0.570822,-84.04955,12.81931877,0.308566256,0.082335877,306.7961831,-266.1778665
1,1,300,140,0.740740741,0.530739,-80.80758673,13.07462246,0.304905104,0.083953421,308.6770577,-267.2595926
1,1,300,189,1,0.442739,-79.20428853,13.2170051,0.300555851,0.084593711,306.3281973,-269.0015004
0.8,1,300,3,0.005076142,0.401726,-63.61923722,27.20595805,0.095652645,0.04730492,234.015079,-204.8699004
0.8,1,300,4,0.00676819,0.443673,-65.26817779,25.75501305,0.093011066,0.04946305,237.3252846,-208.7945167
0.8,1,300,6,0.010152284,0.473032,-70.92184365,23.62834789,0.104148473,0.053346998,244.8319696,-213.3219442
0.8,1,300,9,0.015228426,0.481429,-66.50424886,21.84801075,0.120573668,0.056043184,252.8443201,-218.8668648
0.8,1,300,13,0.021996616,0.516892,-59.93966023,20.1990454,0.136061597,0.058819764,260.7638746,-224.1319476
0.8,1,300,19,0.0321489,0.586786,-82.33610823,18.35753558,0.152763864,0.064555294,268.3209449,-229.0443333
0.8,1,300,28,0.047377327,0.616918,-74.19253848,17.46350129,0.166161685,0.067181637,274.2015259,-234.1350613
0.8,1,300,42,0.07106599,0.634565,-78.87547169,16.87028624,0.176227489,0.068584451,278.1921143,-238.3721389
0.8,1,300,61,0.10321489,0.639052,-65.05322466,16.88024662,0.178059963,0.06999825,280.4859143,-240.9773128
0.8,1,300,89,0.150592217,0.641251,-63.6471485,16.91527985,0.178023928,0.071509965,283.3564266,-242.7933585
0.8,1,300,130,0.219966159,0.174217,-61.48638026,16.95609503,0.177148034,0.073031519,286.9964928,-245.1023828
0.8,1,300,190,0.321489002,0.635524,-58.85438258,17.61828474,0.174987536,0.075410127,290.5832738,-247.4103196
0.8,1,300,277,0.468697124,0.637798,-53.96483337,17.67887126,0.172765896,0.077375123,294.1015453,-249.4790169
0.8,1,300,295,0.499153976,0.640111,-54.95622763,18.31905056,0.171705928,0.077954595,294.8076645,-249.9353845
0.8,1,300,405,0.685279188,0.63355,-51.82218934,18.14190095,0.169597247,0.079252483,297.6803517,-252.2197598
0.8,1,300,591,1,0.638881,-55.57498813,18.31150311,0.169419483,0.07614814,289.215621,-254.6886396
0.6,1,300,3,0.002692998,0.264726,23.86876496,50.61189184,0.017616047,0.033317622,198.8809117,-202.8901451
0.6,1,300,4,0.003590664,0.32486,41.8519985,50.20074619,0.018989101,0.036151862,203.8478177,-206.9403853
0.6,1,300,6,0.005385996,0.333099,10.50010536,46.3460345,0.026340493,0.039250754,212.7150894,-213.1531004
0.6,1,300,10,0.008976661,0.375142,-15.89159528,41.25485422,0.04422504,0.045185051,226.0031144,-216.8440773
0.6,1,300,16,0.014362657,0.415154,-34.53565558,35.05116654,0.060161165,0.049528344,235.5185117,-221.3762384
0.6,1,300,24,0.021543986,0.444121,-39.66339543,32.02501317,0.069871887,0.05194202,242.585475,-225.5092181
0.6,1,300,37,0.033213645,0.460353,-43.95786213,29.38296185,0.076420502,0.055330099,248.9604029,-228.7277093
0.6,1,300,57,0.051166966,0.50045,-44.72828235,28.48639112,0.079075612,0.056259024,252.0163184,-231.6870955
0.6,1,300,88,0.078994614,0.495772,-44.11245422,28.41538097,0.080097864,0.057889748,254.9597373,-234.5720887
0.6,1,300,134,0.120287253,0.46865,-30.80900636,29.57943861,0.080052217,0.05957611,258.2936283,-236.0102306
0.6,1,300,205,0.184021544,0.501719,-40.06475424,28.98766586,0.079735759,0.060660252,263.0413474,-237.4019224
0.6,1,300,313,0.280969479,0.470562,-14.40239442,31.96833142,0.078665417,0.062479286,266.5254757,-241.0177806
0.6,1,300,478,0.429084381,0.332227,-11.28246472,32.9166352,0.078027529,0.064586978,271.1904554,-242.1568993
0.6,1,300,557,0.5,0.497298,-23.82877423,32.27273886,0.077727537,0.064978129,272.4616669,-243.205295
0.6,1,300,730,0.65529623,0.499816,-21.91103393,33.22126753,0.077101294,0.065311271,273.7339671,-245.1580181
0.6,1,300,1114,1,0.0614739,-26.75357677,33.01978352,0.078845996,0.061529233,267.2886381,-248.1645803
0.8,1,400,3,0.004231312,-0.0230861,-77.9598,18.02364642,0.073682056,0.047984522,234.91224,-179.95644
0.8,1,400,4,0.005641749,0.0337029,-80.87436,18.61453454,0.07484368,0.049561726,238.51836,-185.08932
0.8,1,400,6,0.008462623,0.0722742,-87.33456,18.34582632,0.086599047,0.052549052,246.72816,-191.8962
0.8,1,400,9,0.012693935,0.171757,-83.41848,17.16677688,0.100303598,0.057269217,254.17872,-199.50948
0.8,1,400,14,0.019746121,0.225096,-69.1344,16.27808795,0.117778349,0.060121373,263.47716,-207.89892
0.8,1,400,21,0.029619182,0.272951,-61.89912,15.91229405,0.132093712,0.064448416,270.08316,-214.96752
0.8,1,400,31,0.043723554,0.547695,-53.44308,15.1924507,0.141765198,0.066197806,275.89572,-220.55688
0.8,1,400,46,0.064880113,0.590372,-55.5642,14.63557327,0.145833415,0.068454522,278.6904,-223.00164
0.8,1,400,68,0.095909732,0.533423,-55.28052,14.86078913,0.146574309,0.070377334,282.19752,-224.69328
0.8,1,400,100,0.141043724,0.501032,-53.25768,14.92092691,0.144505992,0.072018682,285.22044,-228.16548
0.8,1,400,148,0.208744711,0.623784,-48.76416,15.4388802,0.140889729,0.074101705,291.29256,-229.74768
0.8,1,400,219,0.308885755,0.588498,-42.9624,15.58676475,0.138221376,0.076915772,297.99468,-232.91028
0.8,1,400,324,0.456981664,0.65341,-36.72684,16.08784664,0.134441029,0.081885415,305.59068,-235.19772
0.8,1,400,354,0.499294781,0.484433,-36.15804,16.34927316,0.133430566,0.08279711,306.15372,-236.22012
0.8,1,400,479,0.675599436,0.620694,-46.95804,16.61088443,0.129532527,0.086103911,311.139,-238.36032
0.8,1,400,709,1,0.656557,-34.65072,17.60700135,0.120204337,0.081731396,292.40712,-241.69788
0.4,1,400,3,0.000363152,0.238504,-55.57457388,55.91474028,0.010461025,0.023692116,171.8433443,-157.5897804
0.4,1,400,5,0.000605254,0.256886,-55.398454,51.35137971,0.011813194,0.02658868,180.6536251,-160.789232
0.4,1,400,9,0.001089456,0.196695,-56.69416759,49.70151285,0.014190962,0.030232263,191.7391746,-165.4973128
0.4,1,400,16,0.001936812,0.30293,-48.98669017,44.40108353,0.017212824,0.034084714,203.4198879,-169.9846187
0.4,1,400,28,0.00338942,0.321383,-41.92296128,39.79438964,0.020128378,0.03736454,212.1558625,-174.8809656
0.4,1,400,50,0.006052536,0.308151,-45.12491354,36.16163313,0.021396376,0.038284457,215.652896,-178.1293592
0.4,1,400,89,0.010773514,0.329399,-45.34068718,35.34481236,0.02230244,0.039234613,218.5272581,-180.0595331
0.4,1,400,157,0.019004963,0.0435066,-34.27932285,35.86500141,0.021975231,0.039733765,220.0848295,-183.0042717
0.4,1,400,277,0.03353105,0.332675,-35.90451993,36.88785084,0.021464337,0.04128483,225.1530094,-187.4079832
0.4,1,400,488,0.059072751,0.345144,-27.86262909,38.03701127,0.021174694,0.04303586,230.7338304,-181.333455
0.4,1,400,859,0.103982569,0.309844,-21.78402834,41.07584736,0.019383924,0.043245395,232.3260541,-193.2703101
0.4,1,400,1513,0.18314974,0.324078,-41.61001804,39.88498532,0.018490682,0.043852753,233.9954419,-199.3994962
0.4,1,400,2664,0.322479119,0.337644,-36.10028807,39.21844937,0.018501741,0.0450118,237.6678807,-194.7850125
0.4,1,400,4130,0.499939475,0.320129,-46.18663418,40.54910694,0.018081727,0.045116749,238.654938,-200.6898512
0.4,1,400,4691,0.567848929,0.26351,-44.7355207,40.36477507,0.01777695,0.045371466,237.5814284,-203.5077692
0.4,1,400,8261,1,0.292659,-74.32973329,45.43845027,0.017985719,0.012112581,86.74922123,-201.2378591
0.4,1,400,3,0.000488679,0.195403,-0.682878132,62.74179602,0.003449817,0.016095151,142.9798366,-151.3600016
0.4,1,400,5,0.000814465,0.11775,-87.76436074,58.68101985,0.005193294,0.018286454,152.722071,-157.9165131
0.4,1,400,8,0.001303144,0.183291,-40.81383382,55.92234744,0.008430685,0.022338427,168.1026891,-160.5805234
0.4,1,400,15,0.002443395,0.277443,-69.49182055,50.38852679,0.013064938,0.029004501,189.8993993,-164.9572919
0.4,1,400,26,0.004235217,0.294213,-32.25900855,44.97769846,0.017991723,0.03515,206.8030291,-170.6734465
0.4,1,400,45,0.007330184,0.32444,-67.43161414,36.16047811,0.020876928,0.038165327,215.7977996,-174.7664955
0.4,1,400,78,0.012705652,0.33319,-56.47961163,34.68266428,0.022460713,0.039990277,220.8511021,-177.985343
0.4,1,400,135,0.021990552,0.334797,-47.05566154,34.89196023,0.022689094,0.040669728,223.1590229,-180.8585424
0.4,1,400,233,0.037954064,0.0161934,-35.38046249,36.11110403,0.021771788,0.040818129,225.9184465,-183.531194
0.4,1,400,403,0.065645871,0.317101,-24.82782749,38.07273549,0.020977094,0.042465806,229.4472971,-188.7623612
0.4,1,400,695,0.113210621,0.300741,-22.02400971,39.53961255,0.020014935,0.043572967,233.8154243,-194.00505
0.4,1,400,1198,0.195145789,0.331473,-21.83170698,40.78954974,0.018852543,0.044339985,236.8888116,-198.2399587
0.4,1,400,2065,0.336374002,0.333104,-32.7571018,40.81076052,0.018279706,0.045028255,238.8377625,-201.0969559
0.4,1,400,3069,0.499918554,0.298839,-33.96705,41.49795936,0.009968884,0.046184623,241.006704,-202.4093384
0.4,1,400,3561,0.580061899,0.331373,-33.9468872,41.59219186,0.017537567,0.045833317,241.5338173,-204.7575848
0.4,1,400,6138,0.999837107,0.024848,-51.48355709,44.87848151,0.014244245,0.013398674,86.44009665,-199.9008696
0.6,1,400,3,0.00233827,0.308929,-84.72437866,35.94440433,0.025754035,0.036511209,207.4079651,-164.6435281
0.6,1,400,4,0.003117693,0.325527,-63.6096718,35.02096731,0.027715283,0.038737672,214.2017986,-167.6643958
0.6,1,400,7,0.005455963,0.366902,-83.84182191,30.60700566,0.036752718,0.043585671,227.5267659,-175.5578608
0.6,1,400,10,0.007794232,0.397058,-81.70172873,27.46103467,0.04498024,0.046790184,234.746907,-181.5739322
0.6,1,400,16,0.012470772,0.0116301,-70.79416851,25.09110594,0.056013265,0.050648445,243.4352434,-190.5071459
0.6,1,400,26,0.020265004,0.122719,-69.11602748,21.81076164,0.065210472,0.054183561,251.5710906,-199.3434068
0.6,1,400,40,0.031176929,0.496478,-48.59587015,21.28521928,0.072024814,0.055708869,256.7352595,-204.3678494
0.6,1,400,62,0.04832424,0.234542,-49.40286066,20.42881969,0.071311835,0.057337413,260.1963363,-208.2662836
0.6,1,400,95,0.074045207,0.309167,-48.83005424,20.54302528,0.071799726,0.059472291,264.6625867,-209.9319491
0.6,1,400,147,0.114575214,0.405741,-45.11625828,21.09174845,0.070626681,0.061505108,270.0883859,-212.5243705
0.6,1,400,227,0.176929072,0.50529,-39.5706937,21.92897908,0.068422628,0.064626818,277.0497483,-215.4889199
0.6,1,400,350,0.272798129,0.504341,-32.70910012,22.83475746,0.065517316,0.068569812,285.7651745,-216.9396493
0.6,1,400,539,0.420109119,0.503807,-37.62914014,23.9011839,0.062617375,0.074009324,295.9238447,-219.5983693
0.6,1,400,641,0.499610288,0.475936,-34.26195088,24.56078056,0.061184495,0.075764457,300.1609012,-221.1767059
0.6,1,400,832,0.648480125,0.235,-31.88350321,25.13209635,0.059539064,0.077702096,303.8943016,-223.8322179
0.6,1,400,1282,0.999220577,0.505495,-29.07375762,24.32401687,0.068098018,0.069373596,284.7460995,-223.4914569
0.8,1,400,3,0.005514706,0.0251579,-94.34938251,18.15651394,0.07753445,0.048013274,238.9599028,-187.2833429
0.8,1,400,4,0.007352941,0.0280285,-84.9655647,18.56564614,0.08076855,0.049631548,243.6448065,-192.4938208
0.8,1,400,6,0.011029412,0.147991,-78.8099153,18.52236677,0.093148711,0.052759369,251.9900493,-199.7933037
0.8,1,400,9,0.016544118,0.247612,-73.49813053,18.06740078,0.108139978,0.057123894,260.2167415,-207.0392593
0.8,1,400,13,0.023897059,0.270362,-68.26106856,17.29338224,0.122588848,0.060646624,268.0856265,-214.2873703
0.8,1,400,19,0.034926471,0.32382,-61.03774539,16.49315722,0.137532967,0.063830117,275.4824646,-220.9711087
0.8,1,400,27,0.049632353,0.43685,-65.66337373,15.70569648,0.147151461,0.066876793,281.1825924,-226.1068638
0.8,1,400,40,0.073529412,0.451741,-53.33052028,15.23715976,0.155115778,0.069290769,287.0289325,-230.3524117
0.8,1,400,58,0.106617647,0.52012,-52.092924,14.89391426,0.15616831,0.071101444,291.2227493,-231.8159726
0.8,1,400,84,0.154411765,0.519991,-48.65136455,14.92502994,0.155291627,0.07471087,297.2372158,-232.5337425
0.8,1,400,123,0.226102941,0.48409,-57.55199889,15.1541352,0.152570126,0.078586533,304.9624031,-232.7906021
0.8,1,400,178,0.327205882,0.44683,-51.16894791,15.13670943,0.148360588,0.082927256,312.9232546,-233.711345
0.8,1,400,258,0.474264706,0.408349,-44.65944297,15.51868531,0.144014169,0.087162086,320.1706471,-235.9174637
0.8,1,400,272,0.5,0.270448,-59.46892596,15.54996897,0.143370199,0.088004504,320.9742764,-236.4290274
0.8,1,400,375,0.689338235,0.403638,-55.31175205,15.83770328,0.13898382,0.089785705,324.1726275,-239.4193762
0.8,1,400,544,1,0.339284,-36.34653214,16.47210151,0.139580588,0.081342462,300.937431,-243.8197584
1.2,1,400,3,0.015075377,0.606208,-87.00436768,10.01071749,0.335793693,0.068512422,285.2573309,-239.2198943
1.2,1,400,4,0.020100503,0.659437,-84.98204393,10.07887295,0.345364135,0.070465603,291.1131804,-243.7133098
1.2,1,400,5,0.025125628,0.712309,-83.15112765,9.954369064,0.353286547,0.074080576,294.9044101,-247.0604313
1.2,1,400,7,0.035175879,0.780134,-83.10453033,9.751708865,0.366395454,0.076241245,299.8279548,-251.4416548
1.2,1,400,9,0.045226131,0.845795,-82.26255258,9.84376761,0.374086508,0.078920476,303.4335121,-254.0722528
1.2,1,400,13,0.065326633,0.869951,-69.76945229,9.560726418,0.385519469,0.08053813,307.94019,-258.1430665
1.2,1,400,18,0.090452261,0.891972,-71.59642573,9.501957908,0.395530956,0.081724993,310.9070056,-261.8765872
1.2,1,400,24,0.120603015,0.909586,-71.74051899,9.384761101,0.400951718,0.081722582,312.0808996,-264.5351436
1.2,1,400,32,0.16080402,0.922608,-71.94017059,9.421714534,0.402772999,0.081932737,312.0859178,-266.8764798
1.2,1,400,44,0.221105528,0.926304,-70.99747093,9.514053565,0.400976288,0.083439344,312.1411177,-268.8213803
1.2,1,400,60,0.301507538,0.927329,-68.94360439,9.714664467,0.395790237,0.082694703,312.6565558,-270.8064262
1.2,1,400,80,0.40201005,0.927587,-67.15139972,9.96362335,0.388938876,0.083080282,314.1433688,-272.7624384
1.2,1,400,99,0.497487437,0.924902,-66.18468452,10.15159581,0.38369469,0.084718365,315.6129766,-274.909858
1.2,1,400,109,0.547738693,0.927305,-64.35986173,10.25030557,0.382384304,0.085958304,316.5879359,-275.5192076
1.2,1,400,147,0.738693467,0.925374,-62.77125152,10.63900057,0.374705826,0.089078577,319.5712398,-278.7265371
1.2,1,400,199,1,0.918679,-59.88580201,11.05600608,0.364104101,0.089612562,317.3757891,-281.7646824
1.2,1,400,3,0.018867925,0.605135,-79.40669995,8.807499681,0.322467832,0.103585384,344.8898698,-230.1697884
1.2,1,400,5,0.031446541,0.586305,-81.83375623,8.723429282,0.331242771,0.102697624,345.7430756,-235.701077
1.2,1,400,7,0.044025157,0.649886,-72.81276598,8.795785719,0.343075205,0.102187893,346.5707751,-238.8146496
1.2,1,400,9,0.056603774,0.750833,-76.37503508,8.626937603,0.349878358,0.103068016,346.4198924,-242.0992227
1.2,1,400,12,0.075471698,0.726247,-78.90842774,8.520352572,0.359144822,0.10407471,345.6370985,-245.9930745
1.2,1,400,16,0.100628931,0.833979,-81.94943298,8.56317388,0.37210993,0.102527018,346.2248226,-249.213702
1.2,1,400,21,0.132075472,0.767326,-71.22131256,8.55563953,0.375628909,0.103045633,344.9757292,-251.8534311
1.2,1,400,29,0.182389937,0.863495,-73.28301711,8.668950702,0.380075213,0.103695067,345.0892505,-254.8994657
1.2,1,400,38,0.238993711,0.919461,-73.93468675,8.671448069,0.381821805,0.102791403,344.3592656,-256.4553539
1.2,1,400,51,0.320754717,0.827436,-73.26649186,8.853238556,0.379611248,0.103403372,345.6245249,-258.8274458
1.2,1,400,67,0.421383648,0.827436,-73.30780499,8.993405414,0.377838895,0.104476236,346.4813232,-259.0031164
1.2,1,400,79,0.496855346,0.78032,-71.26047022,9.117623667,0.373825865,0.104607423,345.9298828,-259.6558638
1.2,1,400,90,0.566037736,0.826211,-71.28669507,9.140307944,0.372704581,0.106213127,347.1631694,-261.4161621
1.2,1,400,119,0.748427673,0.827894,-69.061175,9.416063514,0.365299861,0.104890376,345.2609694,-263.4652931
1.2,1,400,158,0.993710692,0.828533,-66.39881353,9.796466742,0.355673636,0.103183305,338.778042,-263.7979536
1,1,400,3,0.007792208,0.405698,-78.98350986,12.60814412,0.201055014,0.061069193,266.9359548,-217.4977957
1,1,400,4,0.01038961,0.417728,-76.67356731,12.67831293,0.206358844,0.064409774,271.5511698,-221.1685566
1,1,400,6,0.015584416,0.580449,-65.2014514,12.65061657,0.219563463,0.067669401,280.1026274,-227.1244723
1,1,400,8,0.020779221,0.672889,-67.71652259,12.49420622,0.232057386,0.069401441,285.8595215,-230.5822012
1,1,400,12,0.031168831,0.699086,-68.1091769,11.98218166,0.24182417,0.073193706,291.8290884,-235.7700519
1,1,400,16,0.041558442,0.648837,-69.39311697,11.88372941,0.249010535,0.07479861,294.9746338,-238.9199083
1,1,400,24,0.062337662,0.749378,-60.63293828,11.61006869,0.25906764,0.076297201,299.5826638,-243.3652005
1,1,400,33,0.085714286,0.762043,-61.7383338,11.2858139,0.262736757,0.077482881,300.0931504,-246.5879835
1,1,400,48,0.124675325,0.763316,-60.70514644,11.70639636,0.259792773,0.078633124,300.5483132,-248.2491304
1,1,400,67,0.174025974,0.730634,-59.09249759,11.89236528,0.257903874,0.079907376,302.097735,-249.8739935
1,1,400,96,0.249350649,0.766754,-56.5637751,12.01573987,0.253295985,0.079527707,305.0701246,-252.0959211
1,1,400,136,0.353246753,0.690608,-54.73198707,12.25993783,0.246697516,0.080964505,308.1118483,-254.8692892
1,1,400,192,0.498701299,0.763693,-50.20370934,12.61524064,0.24237049,0.085517848,312.7960382,-257.8197648
1,1,400,272,0.706493506,0.763116,-46.25309687,13.07834989,0.234511984,0.087189028,315.9997812,-261.6234462
1,1,400,384,0.997402597,0.725555,-34.59428156,14.2611957,0.258490166,0.082242644,292.5544032,-263.326984
